{
    "area1": {"id": "area1", "id_map": "1", "name": "Area 1","active": true,"color":"blue", "alt":"Test alt1", "shape":"poly", "title":"Area 1", "href":"", "tooltip-title": "Title tooltip 1", "tooltip-content": "Content tooltip 1 <strong>Tooltip</strong>","coords":"66,686,65,651,88,651,89,545,109,544,110,490,144,484,143,450,177,441,198,452,199,684"},
    "area2": {"id": "area2", "id_map": "2", "name": "Area 2","active": true,"color":"blue", "alt":"Test alt2", "shape":"poly", "title":"Area 2", "href":"", "tooltip-title": "Title tooltip 2", "tooltip-content": "Content tooltip 2 <strong>Tooltip</strong>","coords": "204,684,204,289,238,255,245,217,260,208,258,192,304,179,359,188,372,184,373,225,375,681"},
    "area3": {"id": "area3", "id_map": "3", "name": "Area 3","active": true,"color":"blue", "alt":"Test alt3", "shape":"poly", "title":"Area 3", "href":"", "tooltip-title": "Title tooltip 3", "tooltip-content": "Content tooltip 3 <strong>Tooltip</strong>","coords": "382,683,387,190,404,192,411,221,448,212,493,233,493,536,428,546,423,683"},
    "area4": {"id": "area4", "id_map": "4", "name": "Area 4","active": true,"color":"blue", "alt":"Test alt4", "shape":"poly", "title":"Area 4", "href":"", "tooltip-title": "Title tooltip 4", "tooltip-content": "Content tooltip 4 <strong>Tooltip</strong>","coords": "430,683,434,555,525,546,524,611,503,621,501,681"},
    "area5": {"id": "area5", "id_map": "5", "name": "Area 5","active": true,"color":"blue", "alt":"Test alt5", "shape":"poly", "title":"Area 5", "href":"", "tooltip-title": "Title tooltip 5", "tooltip-content": "Content tooltip 5 <strong>Tooltip</strong>","coords": "514,680,511,623,550,620,554,605,579,600,588,614,667,621,671,678"},
    "area6": {"id": "area6", "id_map": "6", "name": "Area 6","active": true,"color":"blue", "alt":"Test alt6", "shape":"poly", "title":"Area 6", "href":"", "tooltip-title": "Title tooltip 6", "tooltip-content": "Content tooltip 6 <strong>Tooltip</strong>","coords": "530,597,620,594,621,607,675,614,674,679,763,678,772,643,775,217,756,209,753,116,596,26,540,38,552,55,554,75,520,94,520,522,529,538"},
    "area7": {"id": "area7", "id_map": "7", "name": "Area 7","active": true,"color":"blue", "alt":"Test alt7", "shape":"poly", "title":"Area 7", "href":"", "tooltip-title": "Title tooltip 7", "tooltip-content": "Content tooltip 7 <strong>Tooltip</strong>","coords": "840,678,831,261,833,195,864,189,865,159,907,149,959,137,1015,130,1045,154,1048,199,1062,207,1066,259,1068,577,1062,618,1031,620,1029,679"},
    "area8": {"id": "area8", "id_map": "8", "name": "Area 8","active": true,"color":"blue", "alt":"Test alt8", "shape":"poly", "title":"Area 8", "href":"", "tooltip-title": "Title tooltip 8", "tooltip-content": "Content tooltip 8 <strong>Tooltip</strong>","coords": "1042,679,1041,623,1065,623,1074,583,1119,577,1130,589,1130,681"},
    "area9": {"id": "area9", "id_map": "9", "name": "Area 9","active": true,"color":"blue", "alt":"Test alt9", "shape":"poly", "title":"Area 9", "href":"", "tooltip-title": "Title tooltip 9", "tooltip-content": "Content tooltip 9 <strong>Tooltip</strong>","coords": "1138,679,1128,451,1154,433,1276,415,1269,681"}

}











